{"cameraMode":{"drawMode":0,"name":"Shaded","section":"Shading Mode"},"sceneLighting":true,"audioPlay":false,"sceneViewState":{"showFog":false,"showMaterialUpdate":false,"showSkybox":false,"showFlares":false,"showImageEffects":false,"showParticleSystems":false},"in2DMode":false,"pivot":{"x":-9.554362297058106,"y":6.751774311065674,"z":-5.392757892608643},"rotation":{"x":0.2937122583389282,"y":0.40901046991348269,"z":-0.14093086123466493,"w":0.8523978590965271},"size":16.81216049194336,"orthographic":false}